ot	addrs_numb	company
18	257748	Sagemcom Broadband SAS
19	171869	"HUAWEI TECHNOLOGIES CO.,LTD"
20	148756	zte corporation
21	131197	Arcadyan Corporation
22	57671	Mitsubishi Electric Corporation
23	56214	ASKEY COMPUTER CORP
24	34634	"Oki Electric Industry Co., Ltd."
25	23675	AVM Audiovisuelles Marketing und Computersysteme GmbH
26	23066	SolarEdge Technologies
27	20160	Altice Labs
28	17701	Intelbras
29	14770	"Space Monkey, Inc."
30	11370	"Ubee Interactive Co., Limited"
31	11322	Taicang T&W Electronics
32	9794	NETLINK ICT
33	9518	Hitron Technologies. Inc
34	9364	Amazon Technologies Inc.
35	9332	"Fiberhome Telecommunication Technologies Co.,LTD"
36	9019	PT Inova??o e Sistemas SA
37	8929	"Shenzhen SDMC Technology CO.,Ltd."
38	8499	Technicolor Delivery Technologies Belgium NV
39	7897	IEEE Registration Authority
40	7429	"Nokia Shanghai Bell Co., Ltd."
41	7400	Synology Incorporated
42	5709	TP-Link Systems Inc
43	5705	PPC Broadband Inc.
44	5267	Sercomm Corporation.
45	5174	"Tenda Technology Co., Ltd."
46	5163	"TP-LINK TECHNOLOGIES CO.,LTD."
47	5034	"NEC Platforms, Ltd."
48	4559	Dell Inc.
49	4056	"Cisco Systems, Inc"
50	4025	currentoptronics Pvt.Ltd
51	3781	BUFFALO.INC
52	3387	"Hitachi,Ltd."
53	3301	PT Inovacao
54	3268	Arcadyan Technology Corporation
55	3044	"Shenzhen XGTEC Technology Co,.Ltd."
56	2867	Globalsat International Technology Ltd
57	2810	"Xensource, Inc."
58	2765	D-Link International
59	2764	"VMware, Inc."
60	2624	"OKI ELECTRIC INDUSTRY CO., LTD"
61	2541	MitraStar Technology Corp.
62	2492	Ubiquiti Inc
63	2450	"Compal Broadband Networks, Inc."
64	2356	"Stephen Technologies Co.,Limited"
65	2183	Zyxel Communications Corporation
66	2051	"T3 Technology Co., Ltd."
67	2038	"Shenzhen C-Data Technology Co., Ltd."
68	1938	FN-LINK TECHNOLOGY LIMITED
69	1694	"Super Micro Computer, Inc."
70	1648	HDV Phoelectron Technology Limited
71	1593	"Huawei Device Co., Ltd."
72	1354	NETGEAR
73	1332	"Shenzhen Skyworth Digital  Technology  CO., Ltd"
74	1324	Heights Telecom T ltd
75	1320	Hewlett Packard
76	1235	Routerboard.com
77	1222	Qumranet Inc.
78	1213	Calix Inc.
79	1200	Cianet Industria e Comercio S/A
80	1181	FREEBOX SAS
81	1147	"Rackspace US, Inc."
82	1127	"Guangzhou V-SOLUTION Electronic Technology Co., Ltd."
83	1121	"Tenda Technology Co.,Ltd.Dongguan branch"
84	1094	eero inc.
85	1073	AzureWave Technology Inc.
86	1044	"Shenzhen Cudy Technology Co., Ltd."
87	1031	"Samsung Electronics Co.,Ltd"
88	991	"Apple, Inc."
89	940	"Shenzhen FH-NET OPTOELECTRONICS CO.,LTD"
90	918	DWnet Technologies(Suzhou) Corporation
91	917	ASUSTek COMPUTER INC.
92	898	"GUANGZHOU CHIP TECHNOLOGIES CO.,LTD"
93	888	AVM GmbH
94	863	"SUMEC Machinery & Electric Co.,Ltd."
95	861	Vantiva Connected Home - Technologies Telco
96	858	"FUJIAN STAR-NET COMMUNICATION CO.,LTD"
97	842	Parks S/A Comunicacoes Digitais
98	824	Bowei Technology Company Limited
99	792	Inteno Broadband Technology AB
100	736	Intel Corporate
101	701	Smart Innovation LLC
102	690	"MERCUSYS TECHNOLOGIES CO., LTD."
103	680	"ADI Engineering, Inc."
104	678	"Kaon Group Co., Ltd."
105	676	"QNAP Systems, Inc."
106	603	"Sichuan Jiuzhou Electronic Technology Co., Ltd."
107	568	"SHENZHEN GONGJIN ELECTRONICS CO.,LT"
108	561	Proxmox Server Solutions GmbH
109	561	"VSOLUTION TELECOMMUNICATION TECHNOLOGY CO.,LTD."
110	541	Broadcom Limited
111	491	Icotera A/S
112	488	"ELECOM CO.,LTD."
113	446	YAMAHA CORPORATION
114	438	SaiNXT Technologies LLP
115	435	"Zhone Technologies, Inc."
116	435	Rebox B.V.
117	426	Microsoft Corporation
118	422	NetComm Wireless
119	417	"SHENZHEN MERCURY COMMUNICATION TECHNOLOGIES CO.,LTD."
120	402	SkyBell Technologies Inc.
121	375	SERNET (SUZHOU) TECHNOLOGIES CORPORATION
122	372	China Mobile IOT Company Limited
123	363	REALTEK SEMICONDUCTOR CORP.
124	361	Quanta Computer Inc.
125	347	"THE FURUKAWA ELECTRIC CO., LTD"
126	329	"Cambridge Industries(Group) Co.,Ltd."
127	324	Keenetic Limited
128	316	"SAXA, Inc."
129	312	"Skyworth Digital Technology(Shenzhen) Co.,Ltd"
130	311	CENTURY SYSTEMS CORP.
131	310	"GIGA-BYTE TECHNOLOGY CO.,LTD."
132	309	"Beijing Xiaomi Mobile Software Co., Ltd"
133	308	LG Innotek
134	304	"SHENZHEN IP-COM Network Co.,Ltd"
135	300	Plume Design Inc
136	286	GREATEK
137	284	GX India Pvt Ltd
138	278	GX International BV
139	274	GoodMan Corporation
140	274	Fulan Electronics Limited
141	262	"Sumitomo Electric Industries, Ltd"
142	260	optilink networks pvt ltd
143	250	"Google, Inc."
144	246	CIG SHANGHAI CO LTD
145	235	"Shenzhen YOUHUA Technology Co., Ltd"
146	232	"SHENZHEN CHUANGWEI-RGB ELECTRONICS CO.,LTD"
147	228	Hewlett Packard Enterprise
148	228	"Mellanox Technologies, Inc."
149	223	"UNION MAN TECHNOLOGY CO.,LTD"
150	219	Syrotech Networks. Ltd.
151	218	ASRock Incorporation
152	211	"China Mobile Group Device Co.,Ltd."
153	207	"Guangzhou V-Solution Telecommunication Technology Co.,Ltd."
154	204	HP Inc.
155	195	TERACOM TELEMATICA S.A
156	187	"Actiontec Electronics, Inc"
157	171	"Shenzhen iComm Semiconductor CO.,LTD"
158	167	NetComm Wireless Limited
159	163	LG Electronics
160	163	"CZ.NIC, z.s.p.o."
161	152	Raspberry Pi Trading Ltd
162	141	ICP Electronics Inc.
163	139	Belkin International Inc.
164	137	NAKAYO Inc
165	127	Genexis B.V.
166	122	Fujitsu Technology Solutions GmbH
167	121	AltoBeam Inc.
168	120	SHENZHEN BILIAN ELECTRONIC CO.£¬LTD
169	119	XEROX CORPORATION
170	113	Fibrain
171	111	"Visionscape Co,. Ltd."
172	110	PC Engines GmbH
173	103	"Qingdao Intelligent&Precise Electronics Co.,Ltd."
174	103	LG Electronics (Mobile Communications)
175	103	"Sichuan AI-Link Technology Co., Ltd."
176	101	3COM
177	101	"Raisecom Technology CO., LTD"
178	100	"SHENZHEN PHOTON BROADBAND TECHNOLOGY CO.,LTD"
179	95	"Noon Technology Co., Ltd"
180	93	Tilgin AB
181	90	"Micro-Star INTL CO., LTD."
182	88	"Elitegroup Computer Systems Co.,Ltd."
183	87	Digital Generation Inc.
184	87	Cisco Meraki
185	87	INVENTEC CORPORATION
186	86	Vestel Elektronik San ve Tic. A.S.
187	84	China Dragon Technology Limited
188	84	AMERICAN POWER CONVERSION CORP
189	82	Raspberry Pi Foundation
190	82	Sony Corporation
191	78	Nokia Solutions and Networks GmbH & Co. KG
192	76	Wistron Infocomm (Zhongshan) Corporation
193	76	"EliteGroup Computer Systems Co., LTD"
194	75	"Beijing Xiaomi Electronics Co., Ltd."
195	70	"Shenzhen SuperElectron Technology Co.,Ltd."
196	70	"Nexcom International Co., Ltd."
197	70	Earda Technologies co Ltd
198	69	"HUMAX Co., Ltd."
199	68	Digicom Futuristic Technologies Ltd.
200	60	"Hui Zhou Gaoshengda Technology Co.,LTD"
201	58	"NEC Platforms, Ltd"
202	56	Xiaomi Communications Co Ltd
203	55	TELLESCOM INDUSTRIA E COMERCIO EM TELECOMUNICACAO
204	55	"Jetway Information Co., Ltd."
205	54	Shuttle Inc.
206	54	"United Information Technology Co.,Ltd."
207	53	Vantiva USA LLC
208	52	CHINA DRAGON TECHNOLOGY LIMITED
209	52	"HUIZHOU TCL COMMUNICATION ELECTRON CO.,LTD"
210	51	"Raritan Computer, Inc"
211	51	GL Technologies (Hong Kong) Limited
212	51	Alpha Networks Inc.
213	49	"Shanghai Baud Data Communication Co.,Ltd."
214	49	Adtran Inc
215	49	D-Link Corporation
216	47	OneAccess SA
217	47	PCS Systemtechnik GmbH
218	47	SERCOMM PHILIPPINES INC
219	45	MAX8USA DISTRIBUTORS INC.
220	45	"Shenzhen Baitong Putian Technology Co.,Ltd."
221	45	PRONET GMBH
222	45	PEGATRON CORPORATION
223	43	"LEXMARK INTERNATIONAL, INC."
224	43	"Server Technology, Inc."
225	43	Broadcom
226	43	Xcute Mobile Corp.
227	42	GOIP Global Services Pvt. Ltd.
228	42	INGRAM MICRO SERVICES
229	41	Shenzhen Qihu Intelligent Technology Company Limited
230	40	"Micronet union Technology(Chengdu)Co., Ltd."
231	40	"Beijing Jingdong Century Trading Co., LTD."
232	39	Ubiqcom India Pvt Ltd
233	38	Solarflare Communications Inc.
234	37	HUNAN FN-LINK TECHNOLOGY LIMITED
235	36	Commscope
236	35	"Netis Technology Co., Ltd."
237	34	Smartcom - Bulgaria AD
238	33	Luxshare Precision Industry Company Limited
239	33	Sun Cupid Technology (HK) LTD
240	33	"Sichuan Tianyi Comheart Telecom Co.,LTD"
241	32	"Optictimes Co.,Ltd"
242	31	Genexis International B.V.
243	31	Juniper Networks
244	31	"SHENZHEN RF-LINK TECHNOLOGY CO.,LTD."
245	30	eac AUTOMATION-CONSULTING GmbH
246	30	Smartlink Network Systems Limited
247	27	PC Partner Ltd.
248	27	"KongTop industrial(shen zhen)CO.,LTD"
249	27	"AMPAK Technology, Inc."
250	27	"Fortinet, Inc."
251	26	"COMPAL INFORMATION (KUNSHAN) CO., LTD."
252	26	FUJITSU LIMITED
253	26	IBM Corp
254	26	"Chengdu Quanjing Intelligent Technology Co.,Ltd"
255	25	"Motorola Mobility LLC, a Lenovo Company"
256	25	APC by Schneider Electric
257	24	Sophos Ltd
258	24	GIFA
259	24	Deciso B.V.
260	24	"Amazon.com, LLC"
261	23	"Cisco-Linksys, LLC"
262	23	"Zhejiang Uniview Technologies Co.,Ltd."
263	23	Intel Corporation
264	23	"hangzhou huacheng network technology co., ltd"
265	22	"Hon Hai Precision Ind. Co.,Ltd."
266	22	FireBrick Limited
267	22	"Covia, Inc."
268	21	Texas Instruments
269	21	FreeBSD Foundation
270	21	BaudTec Corporation
271	20	G-PRO COMPUTER
272	20	"New H3C Technologies Co., Ltd"
273	20	WIBRAIN
274	20	"LCFC(Hefei) Electronics Technology co., ltd"
275	20	Furukawa Industrial S.A. Produtos El¨¦tricos
276	20	"Prescope Technologies CO.,LTD."
277	19	Genexis BV
278	19	Raspberry Pi (Trading) Ltd
279	19	LINEAR LLC
280	19	"I-O DATA DEVICE,INC."
281	18	Synclayer Inc.
282	18	SWsoft
283	17	Intertech Services AG
284	17	Private
285	17	CHASE RESEARCH LTD.
286	17	SHENZHEN MTC CO LTD
287	17	SHARP Corporation
288	16	"Ruijie Networks Co.,LTD"
289	16	Arista Networks
290	16	Pakedge Device and Software Inc.
291	16	QLogic Corporation
292	16	silicom
293	16	Microlink Corporation
294	15	SHURE INCORPORATED
295	15	Hefei Bitland Information Technology Co.Ltd
296	15	"S-Bluetech co., limited"
297	15	"Micro-Star INT'L CO., LTD."
298	15	Oracle Corporation
299	15	NetApp
300	14	Changwang Technology inc.
301	14	"Shenzhen Trolink Technology CO, LTD"
302	14	"Shenzhen MiaoMing  Intelligent Technology Co.,Ltd"
303	14	Fibergate Inc.
304	14	MediaTek Inc
305	13	"New H3C Intelligence Terminal Co., Ltd."
306	13	Wistron Neweb Corporation
307	13	"Hangzhou Hikvision Digital Technology Co.,Ltd."
308	13	"SmartRG, Inc."
309	13	"Shenzhen CYX Technology Co., Ltd."
310	13	UNIWAY INFOCOM PVT LTD
311	13	"Shenzhen HS Fiber Communication Equipment CO., LTD"
312	13	Guangzhou Shiyuan Electronic Technology Company Limited
313	13	"Shenzhen IP3 Century Intelligent Technology CO.,Ltd"
314	13	Sphairon Technologies GmbH
315	13	Tyan Computer Corp
316	13	LANCOM Systems GmbH
317	12	LiteON
318	12	"Hisense broadband multimedia technology Co.,Ltd"
319	12	"TCL Networks Equipment Co., Ltd."
320	12	"Universal Global Scientific Industrial Co., Ltd."
321	12	COMDA ENTERPRISES CORP.
322	12	"Top Victory Electronics (Taiwan) Co., Ltd."
323	11	Zioncom Electronics (Shenzhen) Ltd.
324	11	"HISENSE VISUAL TECHNOLOGY CO.,LTD"
325	11	"Qingdao Hisense Communications Co.,Ltd."
326	11	StreamUnlimited Engineering GmbH
327	11	DASAN Network Solutions
328	11	iCatch Inc.
329	11	"LANNER ELECTRONICS, INC."
330	10	"Zhuhai Raysharp Technology Co.,Ltd"
331	10	"Wuhan FiberHome Digital Technology Co.,Ltd."
332	10	"Shenzhen Lianrui Electronics Co.,Ltd"
333	10	"Costar  electronics, inc.,"
334	10	ANALOG SYSTEMS
335	10	YICHEN (SHENZHEN) TECHNOLOGY CO.LTD
336	9	ASIX ELECTRONICS CORP.
337	9	China Mobile Chongqing branch
338	9	Bachmann Technology GmbH & Co. KG
339	9	Chelsio Communications
340	9	FibRSol Global Network Limited
341	8	KYOCERA Display Corporation
342	8	"COMTEC SYSTEMS. CO., LTD."
343	8	elmegt GmbH & Co. KG
344	8	"Shenzhen Geniatech Inc, Ltd"
345	8	Reolink Innovation Limited
346	8	ANOV FRANCE
347	8	China Mobile Iot Limited company
348	8	Full Solution Telecom
349	8	"Micro-Star INT'L CO., LTD"
350	8	"GUANGDONG OPPO MOBILE TELECOMMUNICATIONS CORP.,LTD"
351	8	Sercomm France Sarl
352	8	Sunnovo International Limited
353	8	NVIDIA Corporation
354	8	"Shenzhen Ferex Electrical Co.,Ltd"
355	8	"Shenzhen Amediatech Technology Co., Ltd."
356	8	AltoBeam (China) Inc.
357	8	TPVision Europe B.V
358	8	"Observint Technologies, Inc."
359	8	MITAC INTERNATIONAL CORP.
360	8	"Hangzhou H3C Technologies Co., Limited"
361	8	"Parallels, Inc."
362	7	"Shenzhen Seavo Technology Co.,Ltd"
363	7	ARM
364	7	Lantronix
365	7	CE LINK LIMITED
366	7	"Brother Industries, LTD."
367	7	"Murata Manufacturing Co., Ltd."
368	7	"TPV Display Technology (Xiamen) Co.,Ltd."
369	7	CONNECT AS
370	7	"Roku, Inc"
371	7	"Shenzhen Maxtang Computer Co.,Ltd"
372	7	ALL Winner (Hong Kong) Limited
373	7	"Agile Communications, Inc."
374	7	"ICANN, IANA Department"
375	7	"KATSUJIMA CO., LTD."
376	7	Axis Communications AB
377	7	Liteon Technology Corporation
378	7	"RingBell Co.,Ltd."
379	7	"FOCUS H&S Co., Ltd."
380	7	Brocade Communications Systems LLC
381	7	TeraNXT Global India Pvt Ltd.
382	7	"Zhejiang Uniview Technologies Co., Ltd."
383	6	CITEL SpA
384	6	"Grandstream Networks, Inc."
385	6	Marusys
386	6	"CompuLab, Ltd."
387	6	"Emerson Network Power, Avocent Division"
388	6	Fida International (S) Pte Ltd
389	6	"SHEN ZHEN NUO XIN CHENG TECHNOLOGY co., Ltd."
390	6	TYAN COMPUTER CORP.
391	6	"DASAN CO., LTD."
392	6	Trex Enterprises
393	6	RLTech India Private Limited
394	6	"Micro-Star Int'l Co, Ltd"
395	6	TENO NETWORK TECHNOLOGIES COMPANY LIMITED
396	6	"Alcatel-Lucent Shanghai Bell Co., Ltd"
397	6	"TRENDnet, Inc."
398	6	ANOV France
399	6	"UNIONMAN TECHNOLOGY CO.,LTD"
400	6	"SHENZHEN ZHIBOTONG ELECTRONICS CO.,LTD"
401	6	"Shenzhen 10Gtek Transceivers Co., Limited"
402	6	Billion Electric Co. Ltd.
403	6	"Tsinghua Tongfang Legend Silicon Tech. Co., Ltd."
404	5	Circle Media Inc
405	5	"Shenzhen Qihoo Intelligent Technology Co.,Ltd"
406	5	Cavium Inc
407	5	CANON INC.
408	5	"Motorola (Wuhan) Mobility Technologies Communication Co., Ltd."
409	5	FAST Inc
410	5	"YICHEN (SHENZHEN) TECHNOLOGY CO.,LTD"
411	5	Seiko Epson Corporation
412	5	"CHONGQING FUGUI ELECTRONICS CO.,LTD."
413	5	Nutanix
414	5	"Shenzhen Cultraview Digital Technology Co.,Ltd Shanghai Branch"
415	5	"XIAOMI Electronics,CO.,LTD"
416	5	"Shenzhen Urovo Technology Co.,Ltd."
417	5	"TPV Display Technology(Xiamen) Co.,Ltd."
418	4	"Quectel Wireless Solutions Co.,Ltd."
419	4	MSC VERTRIEBS GMBH
420	4	"Shenzhen Shiningworth Technology Co., Ltd."
421	4	PLANEX COMMUNICATIONS INC.
422	4	Emulex Corporation
423	4	DrayTek Corp.
424	4	PLANET Technology Corporation
425	4	Nokia
426	4	"Globalscale Technologies, Inc."
427	4	Qotom
428	4	Eaton Corporation
429	4	WASKO S.A.
430	4	"D-LINK SYSTEMS, INC."
431	4	RRCN SAS
432	4	Iskratel d.o.o.
433	4	"OpenGear, Inc"
434	4	TQ - COMPONENTS GMBH
435	4	"Wush, Inc"
436	4	"Zhuolian (Shenzhen) Communication Co., Ltd"
437	4	Novatium Solutions (P) Ltd
438	4	"TOKYO ELECTRIC CO.,LTD"
439	4	"IWATSU ELECTRIC CO., LTD."
440	4	"AXIOM TECHNOLOGY CO., LTD."
441	4	FS COM INC
442	4	HyBroad Vision (Hong Kong) Technology Co Ltd
443	4	SYTEK INC.
444	4	"Wistron InfoComm(Kunshan)Co.,Ltd."
445	4	CARRIER ACCESS CORPORATION
446	4	Edimax Technology Co. Ltd.
447	3	WESTERN DIGITAL CORPORATION
448	3	Carel s.p.a.
449	3	Realme Chongqing MobileTelecommunications Corp Ltd
450	3	"SHENZHEN JEHE TECHNOLOGY DEVELOPMENT CO., LTD."
451	3	LG ELECTRONICS INC
452	3	Oasis Media Systems LLC
453	3	"IBASE Technology, Inc."
454	3	Iskra Transmission d.d.
455	3	TechNexion Ltd.
456	3	Microchip Technology Inc.
457	3	"SHENZHEN FAST TECHNOLOGIES CO.,LTD"
458	3	"IT Watchdogs, Inc"
459	3	GUANGZHOU GAOKE COMMUNICATIONS TECHNOLOGY CO.LTD.
460	3	Thomson Telecom Belgium
461	3	"Shenzhen Jiapeng Huaxiang Technology Co.,Ltd"
462	3	"Shenzhen Hanzsung Technology Co.,Ltd"
463	3	BIOSTAR Microtech Int'l Corp.
464	3	"Hon Hai Precision Industry Co., Ltd."
465	3	"YSTen Technology Co.,Ltd"
466	3	AAEON Technology Inc.
467	3	Kontron Europe GmbH
468	3	"Nubia Technology Co.,Ltd."
469	3	MINIX Technology Limited
470	3	"EDUP INTERNATIONAL (HK) CO., LTD"
471	3	"Technicolor (China) Technology Co., Ltd."
472	3	HTC Corporation
473	3	Wistron Corporation
474	3	Sercomm Japan Corporation
475	3	"MARVELL SEMICONDUCTOR, INC."
476	3	"Zhejiang Dahua Technology Co., Ltd."
477	3	DASAN Newtork Solutions
478	3	CLEVO CO.
479	3	ASIX Electronics Corporation
480	3	Ugreen Group Limited
481	3	"Aloys, Inc"
482	3	Vantiva - Connected Home
483	3	"MICRO-STAR INT'L CO.,LTD"
484	3	"Honor Device Co., Ltd."
485	3	"LANBit Computer, Inc."
486	3	Inventec(Chongqing) Corporation
487	3	"N-Radio Technologies Co., Ltd."
488	3	Biostar Microtech international corp.
489	3	"Taiwan Commate Computer, Inc."
490	3	NAGTECH LLC
491	3	"Hisense Electric Co.,Ltd"
492	3	"VIA TECHNOLOGIES, INC."
493	3	"J125, NATIONAL SECURITY AGENCY"
494	3	Check Point Software Technologies
495	3	Thomas-Krenn.AG
496	3	ZillionTV Corporation
497	3	"Newisys,Inc."
498	2	Alcatel-Lucent IPD
499	2	"PORTWELL, INC."
500	2	Sunrich Technology Limited
501	2	WESTERN DIGITAL
502	2	FIREWALLA INC
503	2	"KONICA MINOLTA HOLDINGS, INC."
504	2	"Shenzhen Century Xinyang Technology Co., Ltd"
505	2	"Panasonic Communications Co., Ltd."
506	2	Sichuan Changhong Electric Ltd.
507	2	Plugable Technologies
508	2	FireBrick Ltd
509	2	"Shenzhen Zeroone Technology CO.,LTD"
510	2	"Guangzhou Lango Electronics Technology Co.,Ltd."
511	2	Cloud Network Technology (Samoa) Limited
512	2	BINTEC COMMUNICATIONS GMBH
513	2	"MICRO-STAR INTERNATIONAL CO., LTD."
514	2	ICP Internet Communication Payment AG
515	2	CLOUD NETWORK TECHNOLOGY SINGAPORE PTE. LTD.
516	2	KYOCERA Corporation
517	2	Guangzhou?Shiyuan?Electronic?Technology?Company?Limited
518	2	"Billion Electric Co., Ltd."
519	2	"BizLink (Kunshan) Co.,Ltd"
520	2	"ShenZhen Konka Telecommunication Technology Co.,Ltd"
521	2	Iton Technology Corp.
522	2	Techvision Intelligent Technology Limited
523	2	"Chiun Mai Communication System, Inc"
524	2	"LVL 7 Systems, Inc."
525	2	NVIDIA
526	2	Speed Dragon Multimedia Limited
527	2	"MISYS FINANCIAL SYSTEMS, LTD."
528	2	NETCOMM LIMITED
529	2	Mercku
530	2	Mobotix AG
531	2	"SHENZHEN XUNLONG SOFTWARE CO.,LIMITED"
532	2	"Epigram, Inc."
533	2	Gennet s.a.
534	2	Startel
535	2	"Allied Telesis, Inc."
536	2	"FUNAI ELECTRIC CO., LTD."
537	2	Winstars Technology Ltd
538	2	Xerox Corporation
539	2	Flextronics International
540	2	IBM Corporation
541	2	"Airocon, Inc."
542	2	TP Vision Belgium NV
543	2	SECO SRL
544	2	Toshiba
545	2	"Brother industries, LTD."
546	2	PC Aquarius
547	2	PHAST CORPORATION
548	2	SEH COMPUTERTECHNIK GMBH
549	2	iComm HK LIMITED
550	2	Seeed Technology Inc.
551	2	"Shenzhen Linkworld Technology Co,.LTD"
552	2	DH TECHNOLOGY
553	2	"Shanghai Infinity Wireless Technologies Co.,Ltd."
554	2	Pakedge Device and Software Inc
555	2	Cable Matters Inc.
556	2	DIGIBRAS INDUSTRIA DO BRASILS/A
557	2	Precision I/O
558	2	"Qingdao Hisense Electronics Co.,Ltd."
559	2	"Beijing Sinead Technology Co., Ltd."
560	2	TP-Link Systems Inc.
561	2	"Evoc Intelligent Technology Co.,Ltd."
562	2	"NETRONIX, INC."
563	2	Shenzhen JMicron Intelligent Technology Developmen
564	2	"shenzhen UDD Technologies,co.,Ltd"
565	2	Dyson Limited
566	2	ConSentry Networks
567	2	"Advantech Technology (CHINA) Co., Ltd."
568	1	"RIOWORKS SOLUTIONS, INC."
569	1	Zenith Electronics Corporation
570	1	"Mega System Technologies, Inc."
571	1	Nokia Danmark A/S
572	1	MITAC COMPUTING TECHNOLOGY CORPORATION
573	1	"AEWIN Technologies Co., Ltd."
574	1	"CradlePoint, Inc"
575	1	Entrada Networks
576	1	"Unitech electronics co., ltd."
577	1	"Sichuan?AI-Link?Technology?Co.,?Ltd."
578	1	"Universal Electronics, Inc."
579	1	Veritech Electronics Limited
580	1	"DAVICOM SEMICONDUCTOR, INC."
581	1	Orion MultiSystems Inc
582	1	"Yulong Computer Telecommunication Scientific (Shenzhen) Co.,Ltd"
583	1	Laird Connectivity
584	1	Western Telematic Inc.
585	1	Castlenet Technology Inc.
586	1	"GOOD WAY IND. CO., LTD."
587	1	"kasercorp, ltd"
588	1	CODEX CORPORATION
589	1	FN-LINK TECHNOLOGY Ltd.
590	1	Wingtech Group (HongKong£©Limited
591	1	Rosewill Inc.
592	1	"LEX COMPUTECH CO., LTD"
593	1	SolidRun Ltd.
594	1	"Hon Hai Precision IND.CO.,LTD"
595	1	Akamai Technologies Inc.
596	1	"MYRICOM, INC."
597	1	Kasda Networks Inc
598	1	"WatchGuard Technologies, Inc."
599	1	SOUND4
600	1	T.O.M TECHNOLOGY INC..
601	1	"Shenzhen Comstar .Technology Co.,Ltd"
602	1	Dansensor A/S
603	1	"Air2U, Inc."
604	1	Bender GmbH &amp; Co.KG
605	1	Sectronic
606	1	Woojinnet
607	1	"shenzhen eyunmei technology co,.ltd"
608	1	"Sichuan Changhong Network Technologies Co., Ltd."
609	1	COMMODORE INTERNATIONAL
610	1	TECNOMEN OY
611	1	"Winmate Communication, Inc."
612	1	"Western Digital Technologies, Inc."
613	1	"Interface Masters, Inc"
614	1	Bay Networks
615	1	Hager Electro SAS
616	1	KYOCERA CORPORATION
617	1	"Kingston Technology Company, Inc."
618	1	"HIMEJI ABC TRADING CO.,LTD."
619	1	"Shenzhen Zowee Technology Co., Ltd"
620	1	ASSMANN Electronic GmbH
621	1	"Guangdong Huiwei High-tech Co., Ltd."
622	1	Eseye Design Ltd
623	1	Pumatronix Equipamentos Eletronicos Ltda.
624	1	Telecom FM
625	1	Huaqin Technology Co. LTD
626	1	MasterImage 3D
627	1	"Linkintec Co., Ltd"
628	1	Ruf Telematik AG
629	1	"Joyent, Inc."
630	1	QTECH LLC
631	1	Genew Technologies
632	1	Impex-Sat GmbH&amp;Co KG
633	1	DigiPower Manufacturing Inc.
634	1	Loxone Electronics GmbH
635	1	IBM
636	1	Armadeus Systems
637	1	VIETNAM POST AND TELECOMMUNICATION INDUSTRY TECHNOLOGY JOIN STOCK COMPANY
638	1	"AOpen, Inc."
639	1	SSI COMPUTER CORP
640	1	Teltonika
641	1	Aurora Networks
642	1	Black Box Corp.
643	1	CYCLADES CORPORATION
644	1	RUBY TECH CORPORATION
645	1	"Guangzhou Blue Cheetah Intelligent Technology Co., Ltd."
646	1	StarTech.com
647	1	ICOMM HK LIMITED
648	1	CASwell INC.
649	1	"SHUTTLE, INC."
650	1	"HIWIFI Co., Ltd."
651	1	SAMSON AG
652	1	"SANYO DENKI CO., LTD."
653	1	Jensen Scandinavia AS
654	1	DIGITAL EQUIPMENT CORPORATION
655	1	AZROAD TECHNOLOGY COMPANY LIMITED
656	1	"Wuhan Pont Technology CO. , LTD"
657	1	STANDARD MICROSYSTEMS CORP.
658	1	"Beijing Tianyu Communication Equipment Co., Ltd"
659	1	INSYS Microelectronics GmbH
660	1	"Thread Technology Co., Ltd"
661	1	ANI COMMUNICATIONS INC.
662	1	DICA TECHNOLOGIES AG
663	1	"ADLINK TECHNOLOGY, INC."
664	1	"Comnect Technology CO.,LTD"
665	1	"Shenzhen RF Technology Co., Ltd"
666	1	UPVEL
667	1	Comtrend Corporation
668	1	Qolsys Inc.
669	1	"SparkLAN Communications, Inc."
670	1	"JD Cloud Computing Co., Ltd."
671	1	RPS S.p.A.
672	1	Intrakey technologies GmbH
673	1	AVerMedia Information Inc.
674	1	Edgecore Networks Corporation
675	1	Asiamajor Inc.
676	1	"Cincoze Co., Ltd."
677	1	"IEIT SYSTEMS Co., Ltd."
678	1	EndRun Technologies LLC
679	1	Atmel Corporation
680	1	"WalkAbout Computers, Inc."
681	1	"T&W Electronics (ShenZhen) Co.,Ltd"
682	1	"SMC Networks, Inc."
683	1	Dream-Multimedia-Tv GmbH
684	1	"SUNIX Co., Ltd."
685	1	Espressif Inc.
686	1	Palo Alto Networks
687	1	PINON Corp.
688	1	WYSE TECHNOLOGY LLC
689	1	Allnet GmbH
690	1	SMC Networks Inc.
691	1	SUNGWOON SYSTEMS
692	1	ORANGE POLSKA
693	1	Thecus Technology Corp.
694	1	"Shenzhen Xinfa Electronic Co.,ltd"
695	1	"Shenzhen Comnect Technology Co.,LTD"
696	1	Armorlink Co .Ltd
697	1	Panasonic Appliances Company
698	1	HOSTNET CORPORATION
699	1	ALAXALA Networks Corporation
700	1	"DIGITAL TELEMEDIA CO.,LTD."
701	1	"PLAT'C2,Inc"
702	1	Digital China (Shanghai) Networks Ltd.
703	1	Whirlpool Corporation
704	1	"Strawberry Linux Co.,Ltd."
705	1	Elsys Equipamentos Eletr?nicos Ltda
706	1	Razer Inc
707	1	"Force10 Networks, Inc."
708	1	Segate Technology LLC
709	1	"EdgePoint Networks, Inc."
710	1	"CyberPower Systems, Inc."
711	1	"AXUS MICROSYSTEMS, INC."
712	1	Pano Logic
713	1	Nanoleaf
714	1	ACER TECHNOLOGIES CORP.
715	1	Accton Technology Corp
716	1	"Space Shuttle Hi-Tech Co., Ltd."
717	1	"LENOVO(BEIJING)CO., LTD."
718	1	Trapeze Networks
719	1	ADVANCED MICRO DEVICES
720	1	Advanced Digital Broadcast SA
721	1	TIVA MICROCOMPUTER CORP. (TMC)
722	1	"Data Robotics, Incorporated"
723	1	"Oray.com co., LTD."
724	1	Grandstream Networks Inc
725	1	V-ZUG AG
726	1	ProCurve Networking by HP
727	1	Traverse Technologies Australia
728	1	Asiarock Technology Limited
729	1	Excito Elektronik i Sk?ne AB
730	1	Cisco SPVTG
731	1	"Linkflex Co.,Ltd"
732	1	"ATEN INTERNATIONAL CO., LTD."
733	1	Lite-On Network Communication (Dongguan) Limited
734	1	DongGuan Ramaxel Memory Technology
735	1	FUJIFILM Business Innovation Corp.
736	1	Best IT World (India) Pvt Ltd
737	1	Kratos EPD
738	1	"Cray, Inc."
739	1	"vivo Mobile Communication Co., Ltd."
740	1	"Action Star Enterprise Co., Ltd."
741	1	"TECHNO SCOPE CO., LTD."
742	1	"Spreadtrum Communications (Shanghai) Co., Ltd."
